id,titulo,orgao,localizacao,vagas,salario,salario_numerico,escolaridade,inscricoes,status,link,fonte,data_coleta
,Prefeitura de Jaguaruna SC abre processo seletivo para Professores,,,0,,0.0,,,,https://concursosnobrasil.com/concursos/sc/2025/10/16/prefeitura-de-jaguaruna-sc-abre-processo-seletivo-para-professores/,Concursos Brasil,2025-10-16T15:57:49.199789
,Concurso Prefeitura de Bandeirante SC abre vagas para diferentes áreas,,,0,,0.0,,,,https://concursosnobrasil.com/concursos/sc/2025/10/16/concurso-prefeitura-de-bandeirante-sc-abre-vagas-para-diferentes-areas/,Concursos Brasil,2025-10-16T15:57:49.199789
,"Prefeitura de Mafra SC abre seletivo para professores com salários de até R$ 3,4 mil",,,0,,0.0,,,,https://concursosnobrasil.com/concursos/sc/2025/10/16/prefeitura-de-mafra-sc-abre-seletivo-para-professores-com-salarios-de-ate-r-34-mil/,Concursos Brasil,2025-10-16T15:57:49.199789
,Prefeitura de Chapadão do Lageado SC abre concurso com 28 vagas de até R$ 20 mil,,,0,,0.0,,,,https://concursosnobrasil.com/concursos/sc/2025/10/16/prefeitura-de-chapadao-do-lageado-sc-abre-concurso-com-28-vagas-de-ate-r-20-mil/,Concursos Brasil,2025-10-16T15:57:49.199789
,SEDUC MA terá concurso com 2.300 vagas após anúncio do governador,,,0,,0.0,,,,https://concursosnobrasil.com/concursos/ma/2025/10/15/seduc-ma-tera-concurso-com-2-300-vagas-apos-anuncio-do-governador/,Concursos Brasil,2025-10-16T15:57:49.199789
,Concurso Epamig MG terá mais de 200 vagas em edital previsto,,,0,,0.0,,,,https://concursosnobrasil.com/concursos/mg/2025/10/15/concurso-epamig-mg-tera-mais-de-200-vagas-em-edital-previsto/,Concursos Brasil,2025-10-16T15:57:49.199789
,Concurso SEDF está autorizado e contará com mais de 10 mil vagas,,,0,,0.0,,,,https://concursosnobrasil.com/concursos/df/2025/10/14/concurso-sedf-esta-autorizado-e-contara-com-mais-de-10-mil-vagas/,Concursos Brasil,2025-10-16T15:57:49.199789
,Concurso SES RJ tem edital anunciado com 287 vagas para diversos cargos,,,0,,0.0,,,,https://concursosnobrasil.com/concursos/rj/2025/10/08/concurso-ses-rj-tem-edital-anunciado-com-287-vagas-para-diversos-cargos/,Concursos Brasil,2025-10-16T15:57:49.199789
,UEMG abre processo seletivo para Técnico Universitário em Carangola,,,0,,0.0,,,,https://concursosnobrasil.com/concursos/mg/2025/10/16/uemg-abre-processo-seletivo-para-tecnico-universitario-em-carangola/,Concursos Brasil,2025-10-16T15:57:49.199789
,Saneago abre seleção de estágio remunerado de níveis médio e superior,,,0,,0.0,,,,https://concursosnobrasil.com/concursos/go/2025/10/16/saneago-abre-selecao-de-estagio-remunerado-de-niveis-medio-e-superior/,Concursos Brasil,2025-10-16T15:57:49.199789
,Prefeitura de Ponta Porã (MS) abre mais de 200 vagas em edital de seleção,,,0,,0.0,,,,https://concursosnobrasil.com/concursos/ms/2025/10/16/prefeitura-de-ponta-pora-ms-abre-mais-de-200-vagas-em-edital-de-selecao/,Concursos Brasil,2025-10-16T15:57:49.199789
,Prefeitura de Itapaci GO publica editais de processo seletivo,,,0,,0.0,,,,https://concursosnobrasil.com/concursos/go/2025/10/16/prefeitura-de-itapaci-go-publica-editais-de-processo-seletivo/,Concursos Brasil,2025-10-16T15:57:49.199789
,HOB MG divulga edital de processo seletivo para Farmacêuticos,,,0,,0.0,,,,https://concursosnobrasil.com/concursos/mg/2025/10/16/hob-mg-divulga-edital-de-processo-seletivo-para-farmaceuticos/,Concursos Brasil,2025-10-16T15:57:49.199789
,Prefeitura de Paraisópolis (MG) abre edital para Professor de Apoio,,,0,,0.0,,,,https://concursosnobrasil.com/concursos/mg/2025/10/16/prefeitura-de-paraisopolis-mg-abre-edital-para-professor-de-apoio/,Concursos Brasil,2025-10-16T15:57:49.199789
,Prefeitura de Amargosa BA abre 235 vagas em editais de seletivo,,,0,,0.0,,,,https://concursosnobrasil.com/concursos/ba/2025/10/16/prefeitura-de-amargosa-ba-abre-235-vagas-em-editais-de-seletivo/,Concursos Brasil,2025-10-16T15:57:49.199789
,Prefeitura de Sete Lagoas MG abre vagas em edital de seletivo,,,0,,0.0,,,,https://concursosnobrasil.com/concursos/mg/2025/10/16/prefeitura-de-sete-lagoas-mg-abre-vagas-em-edital-de-seletivo/,Concursos Brasil,2025-10-16T15:57:49.199789
,"Prefeitura de Sorriso MT lança edital com salários de até R$ 8,3 mil",,,0,,0.0,,,,https://concursosnobrasil.com/concursos/mt/2025/10/16/prefeitura-de-sorriso-lanca-edital-de-seletivo-com-salarios-de-ate-r-83-mil/,Concursos Brasil,2025-10-16T15:57:49.199789
,"Concurso Prefeitura de Tupandi (RS) abre 30 vagas com ganhos de até R$ 14,7 mil",,,0,,0.0,,,,https://concursosnobrasil.com/concursos/rs/2025/10/16/concurso-prefeitura-de-tupandi-rs-abre-30-vagas-com-ganhos-de-ate-r-147-mil/,Concursos Brasil,2025-10-16T15:57:49.199789
,"Agente de Trânsito: o que faz, jornada, quanto ganha e requisitos",,,0,,0.0,,,,https://concursosnobrasil.com/cargos/agente-de-transito-o-que-faz-jornada-quanto-ganha-e-requisitos/,Concursos Brasil,2025-10-16T15:57:49.199789
,"Paleontólogo: o que faz, salário médio e formação necessária",,,0,,0.0,,,,https://concursosnobrasil.com/cargos/paleontologo-o-que-faz-salario-medio-e-formacao-necessaria/,Concursos Brasil,2025-10-16T15:57:49.199789
,"UX designer: o que faz, quanto ganha e qual a formação",,,0,,0.0,,,,https://concursosnobrasil.com/cargos/ux-designer-o-que-faz-quanto-ganha-e-qual-a-formacao/,Concursos Brasil,2025-10-16T15:57:49.199789
,"Biomédico: o que faz, quanto ganha e quais as possíveis carreiras",,,0,,0.0,,,,https://concursosnobrasil.com/cargos/biomedico-o-que-faz-quanto-ganha-e-quais-as-possiveis-carreiras/,Concursos Brasil,2025-10-16T15:57:49.199789
,"Auxiliar de Serviços Gerais: o que faz, quanto ganha e requisitos mínimos",,,0,,0.0,,,,https://concursosnobrasil.com/cargos/auxiliar-de-servicos-gerais-o-que-faz-quanto-ganha-e-requisitos-minimos/,Concursos Brasil,2025-10-16T15:58:02.966154
,"Técnico em Eletrotécnica: o que faz, quanto ganha e requisitos",,,0,,0.0,,,,https://concursosnobrasil.com/cargos/tecnico-em-eletrotecnica-o-que-faz-quanto-ganha-e-requisitos/,Concursos Brasil,2025-10-16T15:58:02.966154
,"Corretor de Imóveis: o que faz, formação exigida e salário médio",,,0,,0.0,,,,https://concursosnobrasil.com/cargos/corretor-de-imoveis/,Concursos Brasil,2025-10-16T15:58:02.967437
,"Engenheiro de Computação: o que faz, quanto ganha e formação",,,0,,0.0,,,,https://concursosnobrasil.com/cargos/engenheiro-de-computacao-o-que-faz-quanto-ganha-e-formacao/,Concursos Brasil,2025-10-16T15:58:02.967437
,Obstetra: quanto ganha e o que faz o profissional da área,,,0,,0.0,,,,https://concursosnobrasil.com/cargos/obstetra-quanto-ganha-e-o-que-faz-o-profissional-da-area/,Concursos Brasil,2025-10-16T15:58:18.659007
,Pet Sitter: o que é essa profissão e qual a média salarial?,,,0,,0.0,,,,https://concursosnobrasil.com/cargos/pet-sitter-o-que-e-essa-profissao-e-qual-a-media-salarial/,Concursos Brasil,2025-10-16T15:58:18.659007
,"Assistente Social: o que faz, descrição do cargo e salário médio",,,0,,0.0,,,,https://concursosnobrasil.com/cargos/assistente-social-o-que-faz-descricao-do-cargo-e-salario-medio/,Concursos Brasil,2025-10-16T15:58:18.661104
,"Almoxarife: nível escolar exigido, salário médio e atribuições",,,0,,0.0,,,,https://concursosnobrasil.com/cargos/almoxarife-nivel-escolar-exigido-salario-medio-e-atribuicoes/,Concursos Brasil,2025-10-16T15:58:33.117068
,"Auxiliar de Logística: o que faz, quanto ganha e requisitos mínimos",,,0,,0.0,,,,https://concursosnobrasil.com/cargos/auxiliar-de-logistica-o-que-faz-quanto-ganha-e-requisitos-minimos/,Concursos Brasil,2025-10-16T15:58:33.117068
,"Administrador: o que faz, salário médio nas empresas e requisitos",,,0,,0.0,,,,https://concursosnobrasil.com/cargos/administrador-o-que-faz-salario-medio-nas-empresas-e-requisitos/,Concursos Brasil,2025-10-16T15:58:33.117068
,"Designer de Interiores: o que faz, qual a formação e remuneração",,,0,,0.0,,,,https://concursosnobrasil.com/cargos/designer-de-interiores-qual-a-formacao-e-quanto-ganha/,Concursos Brasil,2025-10-16T15:58:46.402617
,"Consultor de Vendas: o que faz, quanto ganha e descrição do cargo",,,0,,0.0,,,,https://concursosnobrasil.com/cargos/consultor-de-vendas-o-que-faz-quanto-ganha-e-descricao-do-cargo/,Concursos Brasil,2025-10-16T15:58:46.402617
,"Escriturário: quanto ganha, o que faz, nível escolar e outros critérios",,,0,,0.0,,,,https://concursosnobrasil.com/cargos/escriturario-quanto-ganha-o-que-faz-nivel-escolar-e-outros-criterios/,Concursos Brasil,2025-10-16T15:59:01.922515
,"Técnico em Radiologia: formação necessária, o que faz e quanto ganha",,,0,,0.0,,,,https://concursosnobrasil.com/cargos/tecnico-em-radiologia/,Concursos Brasil,2025-10-16T15:59:01.922515
,"Programador: o que faz, formação necessária e média salarial",,,0,,0.0,,,,https://concursosnobrasil.com/cargos/programador/,Concursos Brasil,2025-10-16T15:59:01.922515
,"Guarda Civil Municipal: o que faz, salário médio e requisitos mínimos",,,0,,0.0,,,,https://concursosnobrasil.com/cargos/guarda-civil-municipal-o-que-faz-salario-medio-e-requisitos-minimos/,Concursos Brasil,2025-10-16T15:59:15.908121
,"Analista Tributário da Receita Federal: veja requisitos, o que faz e quanto ganha",,,0,,0.0,,,,https://concursosnobrasil.com/cargos/analista-tributario-da-receita-federal-veja-requisitos-o-que-faz-e-quanto-ganha/,Concursos Brasil,2025-10-16T15:59:15.912996
,"Microbiologista: o que faz, quanto ganha e qual é a formação",,,0,,0.0,,,,https://concursosnobrasil.com/cargos/microbiologista-o-que-faz-quanto-ganha-e-qual-e-a-formacao/,Concursos Brasil,2025-10-16T15:59:28.441885
,"Copy Writer: o que é, o que faz, quanto ganha e como ser um",,,0,,0.0,,,,https://concursosnobrasil.com/cargos/copy-writer-o-que-e-o-que-faz-quanto-ganha-e-como-ser-um/,Concursos Brasil,2025-10-16T15:59:28.441885
,"Cargo de Assistente Administrativo: o que faz, requisitos e salário médio",,,0,,0.0,,,,https://concursosnobrasil.com/cargos/cargo-de-assistente-administrativo-o-que-faz-requisitos-e-salario-medio/,Concursos Brasil,2025-10-16T15:59:28.441885
,"Gerente de Supply Chain: o que é, formação e salário médio",,,0,,0.0,,,,https://concursosnobrasil.com/cargos/gerente-de-supply/,Concursos Brasil,2025-10-16T15:59:28.441885
,"Cientista de Dados: saiba o que faz, quanto ganha e requisitos mínimos",,,0,,0.0,,,,https://concursosnobrasil.com/cargos/cientista-de-dados-saiba-o-que-faz-quanto-ganha-e-requisitos-minimos/,Concursos Brasil,2025-10-16T15:59:41.970884
,"Estoquista: o que faz, quanto ganha e requisitos mínimos",,,0,,0.0,,,,https://concursosnobrasil.com/cargos/estoquista/,Concursos Brasil,2025-10-16T15:59:41.970884
,"Assistente de Vendas: O que faz, salário médio, formação",,,0,,0.0,,,,https://concursosnobrasil.com/cargos/assistente-de-vendas-salario-medio-formacao-e-atribuicoes-do-cargo/,Concursos Brasil,2025-10-16T15:59:57.118933
,"Acupunturista: o que faz, formação necessária e média salarial",,,0,,0.0,,,,https://concursosnobrasil.com/cargos/acupunturista/,Concursos Brasil,2025-10-16T15:59:57.123132
,"Técnico em Informática: o que faz, quanto ganha e o que é preciso ter",,,0,,0.0,,,,https://concursosnobrasil.com/cargos/tecnico-em-informatica-o-que-faz-quanto-ganha-e-o-que-e-preciso-ter/,Concursos Brasil,2025-10-16T15:59:57.124288
,"Empacotador: o que faz, quanto geralmente ganha e requisitos",,,0,,0.0,,,,https://concursosnobrasil.com/cargos/empacotador/,Concursos Brasil,2025-10-16T16:00:10.219318
,"Meteorologista: o que faz, qual a formação e quanto ganha",,,0,,0.0,,,,https://concursosnobrasil.com/cargos/meteorologista-o-que-faz-qual-a-formacao-e-quanto-ganha/,Concursos Brasil,2025-10-16T16:00:10.225799
,"Repositor de mercado: o que faz, quanto ganha e requisitos gerais",,,0,,0.0,,,,https://concursosnobrasil.com/cargos/repositor-de-mercado-o-que-faz-quanto-ganha-e-requisitos-gerais/,Concursos Brasil,2025-10-16T16:00:10.225799
,"Agente de Combate a Endemias: o que faz, quanto ganha e nível escolar",,,0,,0.0,,,,https://concursosnobrasil.com/cargos/agente-de-combate-a-endemias-o-que-faz-quanto-ganha-e-nivel-escolar/,Concursos Brasil,2025-10-16T16:00:25.683447
,Facilitador de TI é uma das profissões do futuro; veja requisitos e salário,,,0,,0.0,,,,https://concursosnobrasil.com/cargos/facilitador-de-ti-e-uma-das-profissoes-do-futuro-veja-requisitos-e-salario/,Concursos Brasil,2025-10-16T16:00:25.683447
,Auxiliar Administrativo e Assistente Administrativo: veja as diferenças,,,0,,0.0,,,,https://concursosnobrasil.com/cargos/auxiliar-administrativo-e-assistente-administrativo-veja-as-diferencas/,Concursos Brasil,2025-10-16T16:00:25.683447
,"Balconista de Loja: o que faz, quanto ganha e exigências da profissão",,,0,,0.0,,,,https://concursosnobrasil.com/cargos/balconista-de-loja/,Concursos Brasil,2025-10-16T16:00:42.190849
,Tecnologia da Informação: quais são os 7 principais cargos nessa área,,,0,,0.0,,,,https://concursosnobrasil.com/cargos/tecnologia-da-informacao-quais-sao-os-7-principais-cargos-nessa-area/,Concursos Brasil,2025-10-16T16:00:42.190849
,"Técnico do Seguro Social INSS: o que faz, quanto ganha e requisitos",,,0,,0.0,,,,https://concursosnobrasil.com/cargos/tecnico-do-seguro-social-inss-o-que-faz-quanto-ganha-e-requisitos/,Concursos Brasil,2025-10-16T16:00:56.413142
,15 profissões mais bem pagas do mundo nos dias de hoje,,,0,,0.0,,,,https://concursosnobrasil.com/cargos/15-profissoes-mais-bem-pagas-do-mundo-nos-dias-de-hoje/,Concursos Brasil,2025-10-16T16:00:56.416256
,"Topógrafo: o que faz, quanto ganha e requisitos principais da profissão",,,0,,0.0,,,,https://concursosnobrasil.com/cargos/topografo-o-que-faz-quanto-ganha-e-requisitos/,Concursos Brasil,2025-10-16T16:01:10.318795
,Cargos do futuro? 15 profissões que podem bombar nos próximos anos,,,0,,0.0,,,,https://concursosnobrasil.com/cargos/cargos-do-futuro-15-profissoes-que-podem-bombar-nos-proximos-anos/,Concursos Brasil,2025-10-16T16:01:10.318795
,"Geneticista: o que faz, quanto ganha e a formação necessária",,,0,,0.0,,,,https://concursosnobrasil.com/cargos/geneticista-o-que-faz-quanto-ganha-e-a-formacao-necessaria/,Concursos Brasil,2025-10-16T16:01:25.926158
,"Digitador: o que faz, quanto ganha e requisitos mínimos para o cargo",,,0,,0.0,,,,https://concursosnobrasil.com/cargos/digitador-o-que-faz-quanto-ganha-e-requisitos-minimos-para-o-cargo/,Concursos Brasil,2025-10-16T16:01:25.926158
,"Product Owner: o que faz, como se tornar um e quanto ganha no Brasil",,,0,,0.0,,,,https://concursosnobrasil.com/cargos/product-owner/,Concursos Brasil,2025-10-16T16:01:41.326798
,"Engenheiro Eletricista: o que faz, quanto ganha e formação necessária",,,0,,0.0,,,,https://concursosnobrasil.com/cargos/engenheiro-eletricista-o-que-faz-quanto-ganha-e-formacao/,Concursos Brasil,2025-10-16T16:01:54.188897
,"Arquiteto: o que geralmente faz, quanto ganha e formação",,,0,,0.0,,,,https://concursosnobrasil.com/cargos/arquiteto/,Concursos Brasil,2025-10-16T16:01:54.188897
,Técnico e Auxiliar de Farmácia: qual é a diferença entre os cargos?,,,0,,0.0,,,,https://concursosnobrasil.com/cargos/tecnico-e-auxiliar-de-farmacia-qual-e-a-diferenca/,Concursos Brasil,2025-10-16T16:02:07.085070
,"Agente Censitário do IBGE: o que faz, quanto ganha e requisitos",,,0,,0.0,,,,https://concursosnobrasil.com/cargos/agente-censitario-do-ibge-o-que-faz-quanto-ganha-e-requisitos/,Concursos Brasil,2025-10-16T16:02:19.736468
